{
  "framework": "pytorch",
  "model": "lerobot/smolvla_base",
  "device": "cuda",
  "dtype": "float32",
  "chunk_size": 50,
  "vlm_seq_len": 16,
  "denoise_steps": 10,
  "runs": 5,
  "avg_latency_ms": 229.95769379776902,
  "median_latency_ms": 220.425386010902,
  "stdev_latency_ms": 14.29344938162089,
  "avg_per_step_ms": 22.995769379776902,
  "steps_per_second": 43.48625973260224,
  "peak_memory_mb": 501.46728515625
}
